{"gueter": {"Klausurzulassung": [206.09320646133855, 205.5735768502504, 209.19674739315238, 209.19050265468772, 212.53191155790657, 211.0883105084867, 213.4071117999362, 215.17336704384326, 214.3383236830066, 213.8294767328028, 214.1645683924401, 215.2470175500798, 216.50341267767206, 212.57417809265462, 210.5869632281254, 211.48094917744456, 208.86943804943306, 206.62585331320867, 206.90635817655445, 207.7502413637159], "Note": [870819.308961415, 862605.0413537906, 888237.8523275527, 886094.937368741, 868784.076244122, 870508.0286813113, 867746.5389527143, 875540.3947324308, 880756.0108068448, 884897.0361236369, 882487.3450527518, 891756.9724331363, 895706.2317137215, 910462.0494921467, 880035.8035602199, 908894.3491083558, 915120.9897033769, 922639.0736428805, 917391.0399887705, 929659.7473611706], "Klopapier": [285232500.3852483, 288376781.0619606, 288518247.97638774, 290113152.4839346, 291437589.82298255, 291519198.2318879, 293634873.6259145, 293272061.8081562, 294226161.56215626, 297456922.77398044, 299319336.0435142, 300476023.610009, 302538854.17172647, 305221357.7173581, 304855320.8340612, 306555070.2270787, 308919375.99154127, 310208612.15413487, 312478087.97442544, 315360077.17078984], "Konserven": [11.924058863676732, 11.899134610904888, 11.972575541671755, 12.08638316945017, 12.133567889338424, 12.189794193099356, 12.197343812775717, 12.172331432850667, 12.173313159183907, 12.234647117799742, 12.322360725220207, 12.271168923886204, 12.300674912886036, 12.329324937072412, 12.429296274137704, 12.477557954814841, 12.43746111744405, 12.401920782245101, 12.425106777960732, 12.346438366666938], "Nudeln": [9.814792239821132, 9.767977215865677, 9.821125754747108, 9.797779866875324, 9.793674426560575, 9.767407207069647, 9.787193649847287, 9.72844858848209, 9.770504786278766, 9.788266155522832, 9.766321992967042, 9.823646888055809, 9.855407247967388, 9.825128430621831, 9.878496295919271, 9.88816490516421, 9.829313961692367, 9.756605345765422, 9.77205725908828, 9.78220816425155], "Master": [11.340151325077223, 11.538513419694432, 11.37215710323116, 10.892606921412048, 10.656769723433024, 10.898480332725843, 11.557518696222699, 12.443399241940952, 12.386370698621993, 11.789387229833157, 12.505065007415219, 13.095419929164978, 12.491166450997328, 12.80785300581677, 11.258348066307068, 11.537707502038716, 11.206731812071958, 10.285314673378323, 10.205421331785326, 9.593460664548305], "Klausurbestechungsgeld": [20951459.20916293, 21036112.413288146, 20884093.28187341, 20905592.001829054, 21393229.173218634, 21696580.011991844, 21783174.652579576, 21718466.59095705, 21982014.44968199, 22445744.288039315, 22704545.62397279, 22585277.74264828, 22716917.04694824, 23066176.67279111, 22608513.811647456, 22232546.359100834, 22211812.943696186, 22843594.333652347, 22715011.89508569, 23440833.87654799], "Bachelor B.A.": [22.890984381659383, 22.9716825910422, 22.44181951203258, 22.574434241352417, 23.156626190167216, 24.748283293856275, 24.962460154712982, 26.18603409263487, 27.32956334076894, 29.264083589986363, 30.823387867504493, 29.44003331809959, 29.827727537471453, 29.02306102273861, 29.183862006933644, 29.651484185275944, 31.002103078578156, 32.6849110791749, 31.955373447624247, 32.87926551223986], "Bachelor B.Sc.": [22834669476.16448, 23132057921.56955, 22798543533.16093, 22941541465.069057, 23394666805.85341, 24501263724.32077, 25672962426.427086, 24961036874.29704, 26139614052.038174, 27674396946.548203, 29520988355.66222, 30387840617.31963, 29272556740.431667, 28274047008.5386, 29488479026.457764, 28774302735.274807, 27868707553.66247, 29429379137.87986, 28177986964.419804, 29614878438.407524], "Bachelor B.Eng.": [1.1040597755881985, 1.1629818904486726, 1.2155101157644814, 1.1939258301169806, 1.1342206967502249, 1.0986527523471548, 1.0648281627616834, 1.1470720609149305, 1.0797459972037688, 1.0605696949114944, 1.1073361292659787, 1.1759904257188842, 1.1621444663715097, 1.15726315638924, 1.1427009813891713, 1.1496769542271779, 1.1753482766418724, 1.0873347820266628, 1.0946908909152704, 1.0686907433463664], "Docktor": [74601.22186159284, 62618.97530447724, 67211.95777278635, 55042.43923408654, 59675.52718206515, 54863.68774172002, 57674.9761206874, 53934.12079113937, 55278.19606737359, 57956.91326628154, 53865.95319449531, 51925.93718011712, 50614.018763682296, 45930.03410918568, 48773.736479063584, 50092.8700235702, 56415.994020238875, 55629.06086620754, 57772.39918875612, 62642.13673933539], "Mensaessen": [1538567.4804905648, 1537952.4924148975, 1541842.2739674218, 1552701.969257577, 1537843.7891735777, 1561034.5921088692, 1576184.0319886354, 1570971.1859925142, 1565555.458330869, 1563051.7867955638, 1559637.742441362, 1558742.473647348, 1559139.777448901, 1550272.9905237441, 1555637.820316423, 1568144.159968962, 1555943.1108611114, 1537696.229285339, 1542052.8930937592, 1551191.2844311367]}, "konto_list": ["tim_w", "tim_l", "ermal_m", "q", "tim"], "konten": {"tim_w": {"name": "tim_w", "pwd": "passwort123", "coins": 564654651.653, "konto_gueter": {"Klausurzulassung": 3, "Note": 2, "Klopapier": 846, "Nudeln": 5715, "Konserven": 1, "Klausurbestechungsgeld": 10, "Bachelor B.Sc.": 0, "Bachelor B.A.": 0, "Bachelor B.Eng.": 0, "Mensaessen": 15, "Master": 0, "Docktor": 0}}, "tim_l": {"name": "tim_l", "pwd": "passwort1234", "coins": 564654651.653, "konto_gueter": {"Klausurzulassung": 3, "Note": 2, "Klopapier": 846, "Nudeln": 5715, "Konserven": 1, "Klausurbestechungsgeld": 10, "Bachelor B.Sc.": 0, "Bachelor B.A.": 0, "Bachelor B.Eng.": 0, "Mensaessen": 15, "Master": 0, "Docktor": 0}}, "ermal_m": {"name": "ermal_m", "pwd": "passwort12", "coins": 2.0, "konto_gueter": {"Klausurzulassung": 3, "Note": 2, "Klopapier": 846, "Nudeln": 5715, "Konserven": 1, "Klausurbestechungsgeld": 10, "Bachelor B.Sc.": 0, "Bachelor B.A.": 0, "Bachelor B.Eng.": 0, "Mensaessen": 15, "Master": 0, "Docktor": 0}}, "tim_s": {"name": "tim_s", "pwd": "test1", "coins": 0.0, "konto_gueter": {"Klausurzulassung": 0, "Note": 0, "Klopapier": 0, "Nudeln": 0, "Konserven": 0, "Klausurbestechungsgeld": 0, "Bachelor B.Sc.": 0, "Bachelor B.A.": 0, "Bachelor B.Eng.": 0, "Mensaessen": 0, "Master": 0, "Docktor": 0}}, "Tim": {"name": "Tim", "pwd": "1234", "coins": 0.0, "konto_gueter": {"Klausurzulassung": 0, "Note": 0, "Klopapier": 0, "Nudeln": 0, "Konserven": 0, "Klausurbestechungsgeld": 0, "Bachelor B.Sc.": 0, "Bachelor B.A.": 0, "Bachelor B.Eng.": 0, "Mensaessen": 0, "Master": 0, "Docktor": 0}}, "q": {"name": "q", "pwd": "q", "coins": 13814.978406207973, "konto_gueter": {"Klausurzulassung": 31, "Note": 0, "Klopapier": 0, "Nudeln": 0, "Konserven": 7, "Klausurbestechungsgeld": 0, "Bachelor B.Sc.": 0, "Bachelor B.A.": 0, "Bachelor B.Eng.": 38, "Mensaessen": 0, "Master": 2, "Docktor": 2}}, "tim": {"name": "tim", "pwd": "1234", "coins": 0.0, "konto_gueter": {"Klausurzulassung": 0, "Note": 0, "Klopapier": 0, "Nudeln": 0, "Konserven": 0, "Klausurbestechungsgeld": 0, "Bachelor B.Sc.": 0, "Bachelor B.A.": 0, "Bachelor B.Eng.": 0, "Mensaessen": 0, "Master": 0, "Docktor": 0}}}}}}} 0}}}}}}}}}}}}}": 0}}}}}}}}}}0}}}}}}}